{
    "front": [
        [
            1.0,
            0.0,
            0.0,
            0.0
        ],
        [
            0.0,
            1.0,
            0.0,
            0.0
        ],
        [
            0.0,
            0.0,
            1.0,
            0.0
        ],
        [
            0.0,
            0.0,
            0.0,
            1.0
        ]
    ],
    "back": [
        [
            -0.9848077552489974,
            3.3993367556250063e-08,
            -0.1736481625112074,
            -1.2183396200079635
        ],
        [
            -3.386327956544117e-08,
            -0.9999999997910671,
            -2.9626528098107343e-09,
            -5.318544822330296e-07
        ],
        [
            -0.1736481650545204,
            2.96012819338929e-09,
            0.9848077554587258,
            -0.1065910478574763
        ],
        [
            0.0,
            0.0,
            0.0,
            1.0
        ]
    ],
    "left": [
        [
            0.007596134512373855,
            -0.9961947080483059,
            -0.08682408019376504,
            -0.8229008064579659
        ],
        [
            0.9961946895104968,
            1.1925170045992396e-08,
            0.08715573429186799,
            0.23838348698893164
        ],
        [
            -0.0868240814726458,
            -0.08715573719437801,
            0.9924038778216298,
            -0.07199440728247986
        ],
        [
            0.0,
            0.0,
            0.0,
            1.0
        ]
    ],
    "right": [
        [
            0.007596197240032494,
            0.9961947075109672,
            -0.0868240747058065,
            -0.8229097809586676
        ],
        [
            -0.9961946889744703,
            7.561749889046098e-08,
            -0.08715573424497175,
            -0.2383827962619609
        ],
        [
            -0.08682407600400717,
            0.08715573713910471,
            0.9924038783000736,
            -0.07199386656272466
        ],
        [
            0.0,
            0.0,
            0.0,
            1.0
        ]
    ]
}