{
    "front": [
        [
            0.9963726997375488,
            -0.0061317868530750275,
            0.0848751813173294,
            -56.63072204589844
        ],
        [
            0.0038482067175209522,
            0.999626874923706,
            0.027042662724852562,
            140.56939697265625
        ],
        [
            -0.08500932902097702,
            -0.026617953553795815,
            0.9960245490074158,
            1.7456963062286377
        ],
        [
            0.0,
            0.0,
            0.0,
            1.0
        ]
    ],
    "back": [
        [
            -0.9959739446640015,
            0.006131839007139206,
            -0.08943257480859756,
            -57.85368728637695
        ],
        [
            -0.00848570466041565,
            -0.999626874923706,
            0.025963587686419487,
            140.56182861328125
        ],
        [
            -0.08924000710248947,
            0.026617957279086113,
            0.9956544041633606,
            1.743099331855774
        ],
        [
            0.0,
            0.0,
            0.0,
            1.0
        ]
    ],
    "left": [
        [
            0.0063078198581933975,
            0.9999786019325256,
            -0.0017442833632230759,
            -56.86403274536133
        ],
        [
            -0.9981417655944824,
            0.0061904918402433395,
            -0.06062009558081627,
            139.7421875
        ],
        [
            -0.06060799956321716,
            0.0021234226878732443,
            0.9981594085693359,
            1.7671775817871094
        ],
        [
            0.0,
            0.0,
            0.0,
            1.0
        ]
    ],
    "right": [
        [
            -0.005909069441258907,
            -0.9999786019325256,
            -0.002813121769577265,
            -56.87416458129883
        ],
        [
            0.9935042858123779,
            -0.0061904629692435265,
            0.11362634599208832,
            141.39364624023438
        ],
        [
            -0.11364132910966873,
            -0.0021234226878732443,
            0.9935196042060852,
            1.7232025861740112
        ],
        [
            0.0,
            0.0,
            0.0,
            1.0
        ]
    ]
}